{
  "速度": 21,
  "力量": 72,
  "草地": 20,
  "英里": 31,
  "中距离": 10,
  "红焰档/LP1211-M": 2,
  "胜利的鼓动": 5,
  "行动·Cacao": 11,
  "良场地○": 11,
  "路况不佳○": 10,
  "彻底盯紧○": 2,
  "弯道能手○": 28,
  "弯道加速○": 3,
  "弯道恢复○": 22,
  "专注力": 14,
  "加快步伐": 6,
  "最后冲刺": 5,
  "疾步": 10,
  "中距离直线○": 5,
  "领跑直线○": 14,
  "领跑的骄傲": 10,
  "营养补给": 8,
  "放学后的乐趣": 5,
  "跟前诀窍○": 2,
  "优俊少女爱好者": 6,
  "闪耀之星": 17,
  "二月锦标赛": 6,
  "皋月奖": 20,
  "天王奖（春）": 17,
  "广播协会英里杯": 11,
  "维多利亚英里赛": 16,
  "东京英里赛": 22,
  "宝冢纪念": 25,
  "伊丽莎白女王杯": 19,
  "全国冠军杯": 2,
  "中山大奖赛": 29,
  "帝王奖": 6,
  "耐力": 63,
  "长距离": 41,
  "为了完成高贵的使命": 3,
  "赐福船歌": 1,
  "胜利凯歌，嘿呦！": 15,
  "春季优俊少女○": 2,
  "直线能手": 5,
  "回避失速优俊少女": 13,
  "抢先": 6,
  "保留体力": 2,
  "保持领先": 5,
  "领跑弯道○": 5,
  "领跑诀窍○": 5,
  "翘尾巴": 1,
  "游戏到此为止！": 6,
  "菊花奖": 3,
  "英里冠军赛": 9,
  "全国杯": 22,
  "朝日杯未来锦标赛": 15,
  "居中": 5,
  "向着，更远的地方……": 3,
  "窥视展开": 5,
  "英里弯道○": 2,
  "要强": 4,
  "随势而动": 5,
  "打基础": 8,
  "全国德比": 13,
  "希望锦标赛": 17,
  "精诚所至，金石为开": 4,
  "胜利者☆飞扑": 8,
  "标准距离○": 9,
  "秋季优俊少女○": 3,
  "英里直线○": 1,
  "居中直线○": 1,
  "十万马力": 4,
  "大阪杯": 30,
  "不沉之舰，拔锚起航！": 5,
  "神圣☆最后冲—(ﾟ∀ﾟ)—刺！": 1,
  "巅峰杯剧本": 17,
  "直线加速": 6,
  "直线恢复": 5,
  "冷静": 1,
  "阪神初级少女杯赛": 4,
  "圣诞夜的奇迹飞驰！": 2,
  "非标准距离○": 10,
  "准备突围": 2,
  "紧追不舍": 2,
  "长距离直线○": 4,
  "竭尽全力": 3,
  "毅力": 9,
  "智力": 15,
  "后追": 10,
  "神鹰猛击波": 2,
  "Shadow Break": 4,
  "中山赛场○": 5,
  "阪神赛场○": 5,
  "稳步紧追": 2,
  "一鼓作气": 6,
  "弯里横": 4,
  "中距离弯道○": 4,
  "后追弯道○": 3,
  "看穿": 2,
  "正面较量": 4,
  "点燃青春·耐": 4,
  "天王奖（秋）": 17,
  "决不让出领头的景色……！": 4,
  "准备压制": 10,
  "短途齿轮": 2,
  "777": 1,
  "中京短途赛": 3,
  "跟前": 7,
  "愿者上钩": 5,
  "逆时针○": 1,
  "位置感": 6,
  "临机应变": 2,
  "危险回避": 6,
  "究极帝王舞步": 1,
  "汝等，瞻仰皇帝的神威吧": 2,
  "URA剧本": 14,
  "追击": 2,
  "轻巧舞步": 1,
  "孤狼": 2,
  "强效治愈术·高级": 4,
  "单挑！并驾齐驱！": 1,
  "上升气流": 3,
  "吞噬体力": 1,
  "跟前弯道○": 3,
  "樱花奖": 4,
  "秋华奖": 2,
  "领跑": 6,
  "凌厉×DRIVE！": 1,
  "闪耀的赤色王牌": 1,
  "隐身衣": 4,
  "超越架势": 2,
  "超群冲刺": 3,
  "加快节奏": 1,
  "赌上最强之名": 1,
  "Presents from X": 1,
  "大井赛场○": 1,
  "长距离弯道○": 4,
  "擅长外道○": 3,
  "冬季优俊少女○": 2,
  "晴天○": 2,
  "吞噬速度": 2,
  "后追直线○": 2,
  "全国育成杯经典赛": 3,
  "U=ma²": 2,
  "Nemesis": 2,
  "后追诀窍○": 2,
  "G00 1st.F∞；": 1,
  "深呼吸": 1,
  "轻盈步伐": 1,
  "居中弯道○": 1,
  "稍作休息": 1,
  "居中诀窍○": 1,
  "登山家": 2,
  "全国泥地德比": 2,
  "东京大奖赛": 2,
  "夏季优俊少女○": 2,
  "阴天○": 2,
  "点燃青春·智": 4
}